<?xml version="1.0" encoding="UTF-8" ?>
<!DOCTYPE mapper PUBLIC "-//mybatis.org//DTD Mapper 3.0//EN" "http://mybatis.org/dtd/mybatis-3-mapper.dtd" >
<mapper namespace="sql.mapper.AdminuserMapper" >
  <resultMap id="BaseResultMap" type="cn.tushu.model.Adminuser" >
    <!--
      WARNING - @mbggenerated
      This element is automatically generated by MyBatis Generator, do not modify.
      This element was generated on Fri Jul 17 11:54:05 CST 2015.
    -->
    <id column="adminuid" property="adminuid" jdbcType="INTEGER" />
    <result column="username" property="username" jdbcType="CHAR" />
    <result column="password" property="password" jdbcType="CHAR" />
    <result column="dender" property="dender" jdbcType="INTEGER" />
    <result column="birthday" property="birthday" jdbcType="DATE" />
    <result column="registime" property="registime" jdbcType="TIMESTAMP" />
    <result column="state" property="state" jdbcType="INTEGER" />
  </resultMap>
  <sql id="Base_Column_List" >
    <!--
      WARNING - @mbggenerated
      This element is automatically generated by MyBatis Generator, do not modify.
      This element was generated on Fri Jul 17 11:54:05 CST 2015.
    -->
    adminuid, username, password, dender, birthday, registime, state
  </sql>
  <select id="selectByPrimaryKey" resultMap="BaseResultMap" parameterType="java.lang.Integer" >
    <!--
      WARNING - @mbggenerated
      This element is automatically generated by MyBatis Generator, do not modify.
      This element was generated on Fri Jul 17 11:54:05 CST 2015.
    -->
    select 
    <include refid="Base_Column_List" />
    from adminuser
    where adminuid = #{adminuid,jdbcType=INTEGER}
  </select>
  <delete id="deleteByPrimaryKey" parameterType="java.lang.Integer" >
    <!--
      WARNING - @mbggenerated
      This element is automatically generated by MyBatis Generator, do not modify.
      This element was generated on Fri Jul 17 11:54:05 CST 2015.
    -->
    delete from adminuser
    where adminuid = #{adminuid,jdbcType=INTEGER}
  </delete>
  <insert id="insert" parameterType="cn.tushu.model.Adminuser" >
    <!--
      WARNING - @mbggenerated
      This element is automatically generated by MyBatis Generator, do not modify.
      This element was generated on Fri Jul 17 11:54:05 CST 2015.
    -->
    insert into adminuser (adminuid, username, password, 
      dender, birthday, registime, 
      state)
    values (#{adminuid,jdbcType=INTEGER}, #{username,jdbcType=CHAR}, #{password,jdbcType=CHAR}, 
      #{dender,jdbcType=INTEGER}, #{birthday,jdbcType=DATE}, #{registime,jdbcType=TIMESTAMP}, 
      #{state,jdbcType=INTEGER})
  </insert>
  <insert id="insertSelective" parameterType="cn.tushu.model.Adminuser" >
    <!--
      WARNING - @mbggenerated
      This element is automatically generated by MyBatis Generator, do not modify.
      This element was generated on Fri Jul 17 11:54:05 CST 2015.
    -->
    insert into adminuser
    <trim prefix="(" suffix=")" suffixOverrides="," >
      <if test="adminuid != null" >
        adminuid,
      </if>
      <if test="username != null" >
        username,
      </if>
      <if test="password != null" >
        password,
      </if>
      <if test="dender != null" >
        dender,
      </if>
      <if test="birthday != null" >
        birthday,
      </if>
      <if test="registime != null" >
        registime,
      </if>
      <if test="state != null" >
        state,
      </if>
    </trim>
    <trim prefix="values (" suffix=")" suffixOverrides="," >
      <if test="adminuid != null" >
        #{adminuid,jdbcType=INTEGER},
      </if>
      <if test="username != null" >
        #{username,jdbcType=CHAR},
      </if>
      <if test="password != null" >
        #{password,jdbcType=CHAR},
      </if>
      <if test="dender != null" >
        #{dender,jdbcType=INTEGER},
      </if>
      <if test="birthday != null" >
        #{birthday,jdbcType=DATE},
      </if>
      <if test="registime != null" >
        #{registime,jdbcType=TIMESTAMP},
      </if>
      <if test="state != null" >
        #{state,jdbcType=INTEGER},
      </if>
    </trim>
  </insert>
  <update id="updateByPrimaryKeySelective" parameterType="cn.tushu.model.Adminuser" >
    <!--
      WARNING - @mbggenerated
      This element is automatically generated by MyBatis Generator, do not modify.
      This element was generated on Fri Jul 17 11:54:05 CST 2015.
    -->
    update adminuser
    <set >
      <if test="username != null" >
        username = #{username,jdbcType=CHAR},
      </if>
      <if test="password != null" >
        password = #{password,jdbcType=CHAR},
      </if>
      <if test="dender != null" >
        dender = #{dender,jdbcType=INTEGER},
      </if>
      <if test="birthday != null" >
        birthday = #{birthday,jdbcType=DATE},
      </if>
      <if test="registime != null" >
        registime = #{registime,jdbcType=TIMESTAMP},
      </if>
      <if test="state != null" >
        state = #{state,jdbcType=INTEGER},
      </if>
    </set>
    where adminuid = #{adminuid,jdbcType=INTEGER}
  </update>
  <update id="updateByPrimaryKey" parameterType="cn.tushu.model.Adminuser" >
    <!--
      WARNING - @mbggenerated
      This element is automatically generated by MyBatis Generator, do not modify.
      This element was generated on Fri Jul 17 11:54:05 CST 2015.
    -->
    update adminuser
    set username = #{username,jdbcType=CHAR},
      password = #{password,jdbcType=CHAR},
      dender = #{dender,jdbcType=INTEGER},
      birthday = #{birthday,jdbcType=DATE},
      registime = #{registime,jdbcType=TIMESTAMP},
      state = #{state,jdbcType=INTEGER}
    where adminuid = #{adminuid,jdbcType=INTEGER}
  </update>
  
  <select id="SelectAllAdminuser" resultMap="BaseResultMap">
  	select
  	<include refid="Base_Column_List" />
  	from adminuser
  </select>
  
</mapper>