<?xml version="1.0" encoding="UTF-8" ?>
<!DOCTYPE mapper PUBLIC "-//mybatis.org//DTD Mapper 3.0//EN" "http://mybatis.org/dtd/mybatis-3-mapper.dtd" >
<mapper namespace="sql.mapper.AuRoleMapper" >
  <resultMap id="BaseResultMap" type="cn.tushu.model.AuRole" >
    <!--
      WARNING - @mbggenerated
      This element is automatically generated by MyBatis Generator, do not modify.
      This element was generated on Fri Jul 17 11:55:25 CST 2015.
    -->
    <id column="id" property="id" jdbcType="INTEGER" />
    <result column="adminuid" property="adminuid" jdbcType="INTEGER" />
    <result column="rid" property="rid" jdbcType="INTEGER" />
  </resultMap>
  <sql id="Base_Column_List" >
    <!--
      WARNING - @mbggenerated
      This element is automatically generated by MyBatis Generator, do not modify.
      This element was generated on Fri Jul 17 11:55:25 CST 2015.
    -->
    id, adminuid, rid
  </sql>
  <select id="selectByPrimaryKey" resultMap="BaseResultMap" parameterType="java.lang.Integer" >
    <!--
      WARNING - @mbggenerated
      This element is automatically generated by MyBatis Generator, do not modify.
      This element was generated on Fri Jul 17 11:55:25 CST 2015.
    -->
    select 
    <include refid="Base_Column_List" />
    from au_role
    where id = #{id,jdbcType=INTEGER}
  </select>
  <delete id="deleteByPrimaryKey" parameterType="java.lang.Integer" >
    <!--
      WARNING - @mbggenerated
      This element is automatically generated by MyBatis Generator, do not modify.
      This element was generated on Fri Jul 17 11:55:25 CST 2015.
    -->
    delete from au_role
    where id = #{id,jdbcType=INTEGER}
  </delete>
  <insert id="insert" parameterType="cn.tushu.model.AuRole" >
    <!--
      WARNING - @mbggenerated
      This element is automatically generated by MyBatis Generator, do not modify.
      This element was generated on Fri Jul 17 11:55:25 CST 2015.
    -->
    insert into au_role (id, adminuid, rid
      )
    values (#{id,jdbcType=INTEGER}, #{adminuid,jdbcType=INTEGER}, #{rid,jdbcType=INTEGER}
      )
  </insert>
  <insert id="insertSelective" parameterType="cn.tushu.model.AuRole" >
    <!--
      WARNING - @mbggenerated
      This element is automatically generated by MyBatis Generator, do not modify.
      This element was generated on Fri Jul 17 11:55:25 CST 2015.
    -->
    insert into au_role
    <trim prefix="(" suffix=")" suffixOverrides="," >
      <if test="id != null" >
        id,
      </if>
      <if test="adminuid != null" >
        adminuid,
      </if>
      <if test="rid != null" >
        rid,
      </if>
    </trim>
    <trim prefix="values (" suffix=")" suffixOverrides="," >
      <if test="id != null" >
        #{id,jdbcType=INTEGER},
      </if>
      <if test="adminuid != null" >
        #{adminuid,jdbcType=INTEGER},
      </if>
      <if test="rid != null" >
        #{rid,jdbcType=INTEGER},
      </if>
    </trim>
  </insert>
  <update id="updateByPrimaryKeySelective" parameterType="cn.tushu.model.AuRole" >
    <!--
      WARNING - @mbggenerated
      This element is automatically generated by MyBatis Generator, do not modify.
      This element was generated on Fri Jul 17 11:55:25 CST 2015.
    -->
    update au_role
    <set >
      <if test="adminuid != null" >
        adminuid = #{adminuid,jdbcType=INTEGER},
      </if>
      <if test="rid != null" >
        rid = #{rid,jdbcType=INTEGER},
      </if>
    </set>
    where id = #{id,jdbcType=INTEGER}
  </update>
  <update id="updateByPrimaryKey" parameterType="cn.tushu.model.AuRole" >
    <!--
      WARNING - @mbggenerated
      This element is automatically generated by MyBatis Generator, do not modify.
      This element was generated on Fri Jul 17 11:55:25 CST 2015.
    -->
    update au_role
    set adminuid = #{adminuid,jdbcType=INTEGER},
      rid = #{rid,jdbcType=INTEGER}
    where id = #{id,jdbcType=INTEGER}
  </update>
</mapper>