<?xml version="1.0" encoding="UTF-8" ?>
<!DOCTYPE mapper PUBLIC "-//mybatis.org//DTD Mapper 3.0//EN" "http://mybatis.org/dtd/mybatis-3-mapper.dtd" >
<mapper namespace="sql.mapper.CategoryMapper" >
  <resultMap id="BaseResultMap" type="cn.tushu.model.Category" >
    <!--
      WARNING - @mbggenerated
      This element is automatically generated by MyBatis Generator, do not modify.
      This element was generated on Tue Jun 30 16:45:33 CST 2015.
    -->
    <id column="cid" property="cid" jdbcType="INTEGER" />
    <result column="cname" property="cname" jdbcType="CHAR" />
  </resultMap>
  <sql id="Base_Column_List" >
    <!--
      WARNING - @mbggenerated
      This element is automatically generated by MyBatis Generator, do not modify.
      This element was generated on Tue Jun 30 16:45:33 CST 2015.
    -->
    cid, cname
  </sql>
  <select id="selectByPrimaryKey" resultMap="BaseResultMap" parameterType="java.lang.Integer" >
    <!--
      WARNING - @mbggenerated
      This element is automatically generated by MyBatis Generator, do not modify.
      This element was generated on Tue Jun 30 16:45:33 CST 2015.
    -->
    select 
    <include refid="Base_Column_List" />
    from category
    where cid = #{cid,jdbcType=INTEGER}
  </select>
  <delete id="deleteByPrimaryKey" parameterType="java.lang.Integer" >
    <!--
      WARNING - @mbggenerated
      This element is automatically generated by MyBatis Generator, do not modify.
      This element was generated on Tue Jun 30 16:45:33 CST 2015.
    -->
    delete from category
    where cid = #{cid,jdbcType=INTEGER}
  </delete>
  <insert id="insert" parameterType="cn.tushu.model.Category" >
    <!--
      WARNING - @mbggenerated
      This element is automatically generated by MyBatis Generator, do not modify.
      This element was generated on Tue Jun 30 16:45:33 CST 2015.
    -->
    insert into category (cid, cname)
    values (#{cid,jdbcType=INTEGER}, #{cname,jdbcType=CHAR})
  </insert>
  <insert id="insertSelective" parameterType="cn.tushu.model.Category" >
    <!--
      WARNING - @mbggenerated
      This element is automatically generated by MyBatis Generator, do not modify.
      This element was generated on Tue Jun 30 16:45:33 CST 2015.
    -->
    insert into category
    <trim prefix="(" suffix=")" suffixOverrides="," >
      <if test="cid != null" >
        cid,
      </if>
      <if test="cname != null" >
        cname,
      </if>
    </trim>
    <trim prefix="values (" suffix=")" suffixOverrides="," >
      <if test="cid != null" >
        #{cid,jdbcType=INTEGER},
      </if>
      <if test="cname != null" >
        #{cname,jdbcType=CHAR},
      </if>
    </trim>
  </insert>
  <update id="updateByPrimaryKeySelective" parameterType="cn.tushu.model.Category" >
    <!--
      WARNING - @mbggenerated
      This element is automatically generated by MyBatis Generator, do not modify.
      This element was generated on Tue Jun 30 16:45:33 CST 2015.
    -->
    update category
    <set >
      <if test="cname != null" >
        cname = #{cname,jdbcType=CHAR},
      </if>
    </set>
    where cid = #{cid,jdbcType=INTEGER}
  </update>
  <update id="updateByPrimaryKey" parameterType="cn.tushu.model.Category" >
    <!--
      WARNING - @mbggenerated
      This element is automatically generated by MyBatis Generator, do not modify.
      This element was generated on Tue Jun 30 16:45:33 CST 2015.
    -->
    update category
    set cname = #{cname,jdbcType=CHAR}
    where cid = #{cid,jdbcType=INTEGER}
  </update>
  
  <select id="selectByAll" resultMap="BaseResultMap">
  	SELECT 
  	<include refid="Base_Column_List" /> 
  	FROM category
  </select>
  
</mapper>