<?xml version="1.0" encoding="UTF-8" ?>
<!DOCTYPE mapper PUBLIC "-//mybatis.org//DTD Mapper 3.0//EN" "http://mybatis.org/dtd/mybatis-3-mapper.dtd" >
<mapper namespace="sql.mapper.ColltradeMapper" >
  <resultMap id="BaseResultMap" type="cn.tushu.model.Colltrade" >
    <!--
      WARNING - @mbggenerated
      This element is automatically generated by MyBatis Generator, do not modify.
      This element was generated on Mon Jun 15 20:04:58 CST 2015.
    -->
    <id column="collid" property="collid" jdbcType="INTEGER" />
    <result column="bookname" property="bookname" jdbcType="VARCHAR" />
    <result column="author" property="author" jdbcType="VARCHAR" />
    <result column="price" property="price" jdbcType="DOUBLE" />
    <result column="userid" property="userid" jdbcType="INTEGER" />
    <result column="cid" property="cid" jdbcType="INTEGER" />
    <result column="date" property="date" jdbcType="TIMESTAMP" />
    <result column="imgsize" property="imgsize" jdbcType="VARCHAR" />
  </resultMap>
  <sql id="Base_Column_List" >
    <!--
      WARNING - @mbggenerated
      This element is automatically generated by MyBatis Generator, do not modify.
      This element was generated on Mon Jun 15 20:04:58 CST 2015.
    -->
    collid, bookname, author, price, userid, cid, date, imgsize
  </sql>
  <select id="selectByPrimaryKey" resultMap="BaseResultMap" parameterType="java.lang.Integer" >
    <!--
      WARNING - @mbggenerated
      This element is automatically generated by MyBatis Generator, do not modify.
      This element was generated on Mon Jun 15 20:04:58 CST 2015.
    -->
    select 
    <include refid="Base_Column_List" />
    from colltrade
    where collid = #{collid,jdbcType=INTEGER}
  </select>
  <delete id="deleteByPrimaryKey" parameterType="java.lang.Integer" >
    <!--
      WARNING - @mbggenerated
      This element is automatically generated by MyBatis Generator, do not modify.
      This element was generated on Mon Jun 15 20:04:58 CST 2015.
    -->
    delete from colltrade
    where collid = #{collid,jdbcType=INTEGER}
  </delete>
  <insert id="insert" parameterType="cn.tushu.model.Colltrade" >
    <!--
      WARNING - @mbggenerated
      This element is automatically generated by MyBatis Generator, do not modify.
      This element was generated on Mon Jun 15 20:04:58 CST 2015.
    -->
    insert into colltrade (collid, bookname, author, 
      price, userid, cid, 
      date, imgsize)
    values (#{collid,jdbcType=INTEGER}, #{bookname,jdbcType=VARCHAR}, #{author,jdbcType=VARCHAR}, 
      #{price,jdbcType=DOUBLE}, #{userid,jdbcType=INTEGER}, #{cid,jdbcType=INTEGER}, 
      #{date,jdbcType=TIMESTAMP}, #{imgsize,jdbcType=VARCHAR})
  </insert>
  <insert id="insertSelective" parameterType="cn.tushu.model.Colltrade" >
    <!--
      WARNING - @mbggenerated
      This element is automatically generated by MyBatis Generator, do not modify.
      This element was generated on Mon Jun 15 20:04:58 CST 2015.
    -->
    insert into colltrade
    <trim prefix="(" suffix=")" suffixOverrides="," >
      <if test="collid != null" >
        collid,
      </if>
      <if test="bookname != null" >
        bookname,
      </if>
      <if test="author != null" >
        author,
      </if>
      <if test="price != null" >
        price,
      </if>
      <if test="userid != null" >
        userid,
      </if>
      <if test="cid != null" >
        cid,
      </if>
      <if test="date != null" >
        date,
      </if>
      <if test="imgsize != null" >
        imgsize,
      </if>
    </trim>
    <trim prefix="values (" suffix=")" suffixOverrides="," >
      <if test="collid != null" >
        #{collid,jdbcType=INTEGER},
      </if>
      <if test="bookname != null" >
        #{bookname,jdbcType=VARCHAR},
      </if>
      <if test="author != null" >
        #{author,jdbcType=VARCHAR},
      </if>
      <if test="price != null" >
        #{price,jdbcType=DOUBLE},
      </if>
      <if test="userid != null" >
        #{userid,jdbcType=INTEGER},
      </if>
      <if test="cid != null" >
        #{cid,jdbcType=INTEGER},
      </if>
      <if test="date != null" >
        #{date,jdbcType=TIMESTAMP},
      </if>
      <if test="imgsize != null" >
        #{imgsize,jdbcType=VARCHAR},
      </if>
    </trim>
  </insert>
  <update id="updateByPrimaryKeySelective" parameterType="cn.tushu.model.Colltrade" >
    <!--
      WARNING - @mbggenerated
      This element is automatically generated by MyBatis Generator, do not modify.
      This element was generated on Mon Jun 15 20:04:58 CST 2015.
    -->
    update colltrade
    <set >
      <if test="bookname != null" >
        bookname = #{bookname,jdbcType=VARCHAR},
      </if>
      <if test="author != null" >
        author = #{author,jdbcType=VARCHAR},
      </if>
      <if test="price != null" >
        price = #{price,jdbcType=DOUBLE},
      </if>
      <if test="userid != null" >
        userid = #{userid,jdbcType=INTEGER},
      </if>
      <if test="cid != null" >
        cid = #{cid,jdbcType=INTEGER},
      </if>
      <if test="date != null" >
        date = #{date,jdbcType=TIMESTAMP},
      </if>
      <if test="imgsize != null" >
        imgsize = #{imgsize,jdbcType=VARCHAR},
      </if>
    </set>
    where collid = #{collid,jdbcType=INTEGER}
  </update>
  <update id="updateByPrimaryKey" parameterType="cn.tushu.model.Colltrade" >
    <!--
      WARNING - @mbggenerated
      This element is automatically generated by MyBatis Generator, do not modify.
      This element was generated on Mon Jun 15 20:04:58 CST 2015.
    -->
    update colltrade
    set bookname = #{bookname,jdbcType=VARCHAR},
      author = #{author,jdbcType=VARCHAR},
      price = #{price,jdbcType=DOUBLE},
      userid = #{userid,jdbcType=INTEGER},
      cid = #{cid,jdbcType=INTEGER},
      date = #{date,jdbcType=TIMESTAMP},
      imgsize = #{imgsize,jdbcType=VARCHAR}
    where collid = #{collid,jdbcType=INTEGER}
  </update>
  
  <select id="selectByAll" resultMap="BaseResultMap">
  	select 
  	<include refid="Base_Column_List" />
  	from colltrade
  	<where>
  		<if test="userid != null">
  			userid = #{userid}
  		</if>
  	</where>
  </select>
  
</mapper>