<?xml version="1.0" encoding="UTF-8" ?>
<!DOCTYPE mapper PUBLIC "-//mybatis.org//DTD Mapper 3.0//EN" "http://mybatis.org/dtd/mybatis-3-mapper.dtd" >
<mapper namespace="sql.mapper.JurisdictMapper" >
  <resultMap id="BaseResultMap" type="cn.tushu.model.Jurisdict" >
    <!--
      WARNING - @mbggenerated
      This element is automatically generated by MyBatis Generator, do not modify.
      This element was generated on Wed Jul 22 10:41:46 CST 2015.
    -->
    <id column="jid" property="jid" jdbcType="INTEGER" />
    <result column="jname" property="jname" jdbcType="CHAR" />
  </resultMap>
  <sql id="Base_Column_List" >
    <!--
      WARNING - @mbggenerated
      This element is automatically generated by MyBatis Generator, do not modify.
      This element was generated on Wed Jul 22 10:41:46 CST 2015.
    -->
    jid, jname
  </sql>
  <select id="selectByPrimaryKey" resultMap="BaseResultMap" parameterType="java.lang.Integer" >
    <!--
      WARNING - @mbggenerated
      This element is automatically generated by MyBatis Generator, do not modify.
      This element was generated on Wed Jul 22 10:41:46 CST 2015.
    -->
    select 
    <include refid="Base_Column_List" />
    from jurisdict
    where jid = #{jid,jdbcType=INTEGER}
  </select>
  <delete id="deleteByPrimaryKey" parameterType="java.lang.Integer" >
    <!--
      WARNING - @mbggenerated
      This element is automatically generated by MyBatis Generator, do not modify.
      This element was generated on Wed Jul 22 10:41:46 CST 2015.
    -->
    delete from jurisdict
    where jid = #{jid,jdbcType=INTEGER}
  </delete>
  <insert id="insert" parameterType="cn.tushu.model.Jurisdict" >
    <!--
      WARNING - @mbggenerated
      This element is automatically generated by MyBatis Generator, do not modify.
      This element was generated on Wed Jul 22 10:41:46 CST 2015.
    -->
    insert into jurisdict (jid, jname)
    values (#{jid,jdbcType=INTEGER}, #{jname,jdbcType=CHAR})
  </insert>
  <insert id="insertSelective" parameterType="cn.tushu.model.Jurisdict" >
    <!--
      WARNING - @mbggenerated
      This element is automatically generated by MyBatis Generator, do not modify.
      This element was generated on Wed Jul 22 10:41:46 CST 2015.
    -->
    insert into jurisdict
    <trim prefix="(" suffix=")" suffixOverrides="," >
      <if test="jid != null" >
        jid,
      </if>
      <if test="jname != null" >
        jname,
      </if>
    </trim>
    <trim prefix="values (" suffix=")" suffixOverrides="," >
      <if test="jid != null" >
        #{jid,jdbcType=INTEGER},
      </if>
      <if test="jname != null" >
        #{jname,jdbcType=CHAR},
      </if>
    </trim>
  </insert>
  <update id="updateByPrimaryKeySelective" parameterType="cn.tushu.model.Jurisdict" >
    <!--
      WARNING - @mbggenerated
      This element is automatically generated by MyBatis Generator, do not modify.
      This element was generated on Wed Jul 22 10:41:46 CST 2015.
    -->
    update jurisdict
    <set >
      <if test="jname != null" >
        jname = #{jname,jdbcType=CHAR},
      </if>
    </set>
    where jid = #{jid,jdbcType=INTEGER}
  </update>
  <update id="updateByPrimaryKey" parameterType="cn.tushu.model.Jurisdict" >
    <!--
      WARNING - @mbggenerated
      This element is automatically generated by MyBatis Generator, do not modify.
      This element was generated on Wed Jul 22 10:41:46 CST 2015.
    -->
    update jurisdict
    set jname = #{jname,jdbcType=CHAR}
    where jid = #{jid,jdbcType=INTEGER}
  </update>
  
  <select id="SelectAllJurisdict" resultMap="BaseResultMap">
  	select
  	<include refid="Base_Column_List" />
  	from jurisdict
  </select>
  
</mapper>