<?xml version="1.0" encoding="UTF-8" ?>
<!DOCTYPE mapper PUBLIC "-//mybatis.org//DTD Mapper 3.0//EN" "http://mybatis.org/dtd/mybatis-3-mapper.dtd" >
<mapper namespace="sql.mapper.RoleJuriMapper" >
  <resultMap id="BaseResultMap" type="cn.tushu.model.RoleJuri" >
    <!--
      WARNING - @mbggenerated
      This element is automatically generated by MyBatis Generator, do not modify.
      This element was generated on Wed Jul 22 10:41:16 CST 2015.
    -->
    <id column="id" property="id" jdbcType="INTEGER" />
    <result column="rid" property="rid" jdbcType="INTEGER" />
    <result column="jid" property="jid" jdbcType="INTEGER" />
    <result column="fw_id" property="fwId" jdbcType="INTEGER" />
  </resultMap>
  <sql id="Base_Column_List" >
    <!--
      WARNING - @mbggenerated
      This element is automatically generated by MyBatis Generator, do not modify.
      This element was generated on Wed Jul 22 10:41:16 CST 2015.
    -->
    id, rid, jid, fw_id
  </sql>
  <select id="selectByPrimaryKey" resultMap="BaseResultMap" parameterType="java.lang.Integer" >
    <!--
      WARNING - @mbggenerated
      This element is automatically generated by MyBatis Generator, do not modify.
      This element was generated on Wed Jul 22 10:41:16 CST 2015.
    -->
    select 
    <include refid="Base_Column_List" />
    from role_juri
    where id = #{id,jdbcType=INTEGER}
  </select>
  <delete id="deleteByPrimaryKey" parameterType="java.lang.Integer" >
    <!--
      WARNING - @mbggenerated
      This element is automatically generated by MyBatis Generator, do not modify.
      This element was generated on Wed Jul 22 10:41:16 CST 2015.
    -->
    delete from role_juri
    where id = #{id,jdbcType=INTEGER}
  </delete>
  <insert id="insert" parameterType="cn.tushu.model.RoleJuri" >
    <!--
      WARNING - @mbggenerated
      This element is automatically generated by MyBatis Generator, do not modify.
      This element was generated on Wed Jul 22 10:41:16 CST 2015.
    -->
    <selectKey keyProperty="id" order="AFTER" resultType="Integer">
    	select LAST_INSERT_ID()
    </selectKey>
    insert into role_juri (id, rid, jid, 
      fw_id)
    values (#{id,jdbcType=INTEGER}, #{rid,jdbcType=INTEGER}, #{jid,jdbcType=INTEGER}, 
      #{fwId,jdbcType=INTEGER})
  </insert>
  <insert id="insertSelective" parameterType="cn.tushu.model.RoleJuri" >
    <!--
      WARNING - @mbggenerated
      This element is automatically generated by MyBatis Generator, do not modify.
      This element was generated on Wed Jul 22 10:41:16 CST 2015.
    -->
    insert into role_juri
    <trim prefix="(" suffix=")" suffixOverrides="," >
      <if test="id != null" >
        id,
      </if>
      <if test="rid != null" >
        rid,
      </if>
      <if test="jid != null" >
        jid,
      </if>
      <if test="fwId != null" >
        fw_id,
      </if>
    </trim>
    <trim prefix="values (" suffix=")" suffixOverrides="," >
      <if test="id != null" >
        #{id,jdbcType=INTEGER},
      </if>
      <if test="rid != null" >
        #{rid,jdbcType=INTEGER},
      </if>
      <if test="jid != null" >
        #{jid,jdbcType=INTEGER},
      </if>
      <if test="fwId != null" >
        #{fwId,jdbcType=INTEGER},
      </if>
    </trim>
  </insert>
  <update id="updateByPrimaryKeySelective" parameterType="cn.tushu.model.RoleJuri" >
    <!--
      WARNING - @mbggenerated
      This element is automatically generated by MyBatis Generator, do not modify.
      This element was generated on Wed Jul 22 10:41:16 CST 2015.
    -->
    update role_juri
    <set >
      <if test="rid != null" >
        rid = #{rid,jdbcType=INTEGER},
      </if>
      <if test="jid != null" >
        jid = #{jid,jdbcType=INTEGER},
      </if>
      <if test="fwId != null" >
        fw_id = #{fwId,jdbcType=INTEGER},
      </if>
    </set>
    where id = #{id,jdbcType=INTEGER}
  </update>
  <update id="updateByPrimaryKey" parameterType="cn.tushu.model.RoleJuri" >
    <!--
      WARNING - @mbggenerated
      This element is automatically generated by MyBatis Generator, do not modify.
      This element was generated on Wed Jul 22 10:41:16 CST 2015.
    -->
    update role_juri
    set rid = #{rid,jdbcType=INTEGER},
      jid = #{jid,jdbcType=INTEGER},
      fw_id = #{fwId,jdbcType=INTEGER}
    where id = #{id,jdbcType=INTEGER}
  </update>
</mapper>