<?xml version="1.0" encoding="UTF-8" ?>
<!DOCTYPE mapper PUBLIC "-//mybatis.org//DTD Mapper 3.0//EN" "http://mybatis.org/dtd/mybatis-3-mapper.dtd" >
<mapper namespace="sql.mapper.RoleMapper" >
  <resultMap id="BaseResultMap" type="cn.tushu.model.Role" >
    <!--
      WARNING - @mbggenerated
      This element is automatically generated by MyBatis Generator, do not modify.
      This element was generated on Fri Jul 17 11:55:03 CST 2015.
    -->
    <id column="rid" property="rid" jdbcType="INTEGER" />
    <result column="rname" property="rname" jdbcType="CHAR" />
  </resultMap>
  <sql id="Base_Column_List" >
    <!--
      WARNING - @mbggenerated
      This element is automatically generated by MyBatis Generator, do not modify.
      This element was generated on Fri Jul 17 11:55:03 CST 2015.
    -->
    rid, rname
  </sql>
  <select id="selectByPrimaryKey" resultMap="BaseResultMap" parameterType="java.lang.Integer" >
    <!--
      WARNING - @mbggenerated
      This element is automatically generated by MyBatis Generator, do not modify.
      This element was generated on Fri Jul 17 11:55:03 CST 2015.
    -->
    select 
    <include refid="Base_Column_List" />
    from role
    where rid = #{rid,jdbcType=INTEGER}
  </select>
  <delete id="deleteByPrimaryKey" parameterType="java.lang.Integer" >
    <!--
      WARNING - @mbggenerated
      This element is automatically generated by MyBatis Generator, do not modify.
      This element was generated on Fri Jul 17 11:55:03 CST 2015.
    -->
    delete from role
    where rid = #{rid,jdbcType=INTEGER}
  </delete>
  <insert id="insert" parameterType="cn.tushu.model.Role" >
    <!--
      WARNING - @mbggenerated
      This element is automatically generated by MyBatis Generator, do not modify.
      This element was generated on Fri Jul 17 11:55:03 CST 2015.
    -->
    insert into role (rid, rname)
    values (#{rid,jdbcType=INTEGER}, #{rname,jdbcType=CHAR})
  </insert>
  <insert id="insertSelective" parameterType="cn.tushu.model.Role" >
    <!--
      WARNING - @mbggenerated
      This element is automatically generated by MyBatis Generator, do not modify.
      This element was generated on Fri Jul 17 11:55:03 CST 2015.
    -->
    insert into role
    <trim prefix="(" suffix=")" suffixOverrides="," >
      <if test="rid != null" >
        rid,
      </if>
      <if test="rname != null" >
        rname,
      </if>
    </trim>
    <trim prefix="values (" suffix=")" suffixOverrides="," >
      <if test="rid != null" >
        #{rid,jdbcType=INTEGER},
      </if>
      <if test="rname != null" >
        #{rname,jdbcType=CHAR},
      </if>
    </trim>
  </insert>
  <update id="updateByPrimaryKeySelective" parameterType="cn.tushu.model.Role" >
    <!--
      WARNING - @mbggenerated
      This element is automatically generated by MyBatis Generator, do not modify.
      This element was generated on Fri Jul 17 11:55:03 CST 2015.
    -->
    update role
    <set >
      <if test="rname != null" >
        rname = #{rname,jdbcType=CHAR},
      </if>
    </set>
    where rid = #{rid,jdbcType=INTEGER}
  </update>
  <update id="updateByPrimaryKey" parameterType="cn.tushu.model.Role" >
    <!--
      WARNING - @mbggenerated
      This element is automatically generated by MyBatis Generator, do not modify.
      This element was generated on Fri Jul 17 11:55:03 CST 2015.
    -->
    update role
    set rname = #{rname,jdbcType=CHAR}
    where rid = #{rid,jdbcType=INTEGER}
  </update>
  
  <select id="SelectAllRole" resultMap="BaseResultMap">
  	SELECT
	<include refid="Base_Column_List" />
	FROM role 
  </select>
  
  <select id="selectById" resultMap="BaseResultMap" parameterType="map">
  	SELECT
	<include refid="Base_Column_List" />
	FROM role
	where rid=#{rid}
  </select>
  
</mapper>