<?xml version="1.0" encoding="UTF-8" ?>
<!DOCTYPE mapper PUBLIC "-//mybatis.org//DTD Mapper 3.0//EN" "http://mybatis.org/dtd/mybatis-3-mapper.dtd" >
<mapper namespace="sql.mapper.ShareMapper" >
  <resultMap id="BaseResultMap" type="cn.tushu.model.Share" >
    <!--
      WARNING - @mbggenerated
      This element is automatically generated by MyBatis Generator, do not modify.
      This element was generated on Mon Jun 15 11:13:58 CST 2015.
    -->
    <id column="shareId" property="shareid" jdbcType="INTEGER" />
    <result column="userId" property="userid" jdbcType="INTEGER" />
    <result column="bookName" property="bookname" jdbcType="CHAR" />
    <result column="author" property="author" jdbcType="CHAR" />
    <result column="reason" property="reason" jdbcType="CHAR" />
    <result column="imgSize" property="imgsize" jdbcType="CHAR" />
    <result column="cid" property="cid" jdbcType="INTEGER" />
    <result column="date" property="date" jdbcType="TIMESTAMP" />
    <result column="heat" property="heat" jdbcType="INTEGER" />
  </resultMap>
  <sql id="Base_Column_List" >
    <!--
      WARNING - @mbggenerated
      This element is automatically generated by MyBatis Generator, do not modify.
      This element was generated on Mon Jun 15 11:13:58 CST 2015.
    -->
    shareId, userId, bookName, author, reason, imgSize, cid, date, heat
  </sql>
  <select id="selectByPrimaryKey" resultMap="BaseResultMap" parameterType="java.lang.Integer" >
    <!--
      WARNING - @mbggenerated
      This element is automatically generated by MyBatis Generator, do not modify.
      This element was generated on Mon Jun 15 11:13:58 CST 2015.
    -->
    select 
    <include refid="Base_Column_List" />
    from share
    where shareId = #{shareid,jdbcType=INTEGER}
  </select>
  <delete id="deleteByPrimaryKey" parameterType="java.lang.Integer" >
    <!--
      WARNING - @mbggenerated
      This element is automatically generated by MyBatis Generator, do not modify.
      This element was generated on Mon Jun 15 11:13:58 CST 2015.
    -->
    delete from share
    where shareId = #{shareid,jdbcType=INTEGER}
  </delete>
  <insert id="insert" parameterType="cn.tushu.model.Share" >
    <selectKey keyProperty="shareId" order="AFTER" resultType="Integer">
    	select LAST_INSERT_ID()
    </selectKey>
    insert into share (shareId, userId, bookName, 
      author, reason, imgSize, cid, 
      date, heat)
    values (#{shareid,jdbcType=INTEGER}, #{userid,jdbcType=INTEGER}, #{bookname,jdbcType=CHAR}, 
      #{author,jdbcType=CHAR}, #{reason,jdbcType=CHAR}, #{imgsize,jdbcType=CHAR}, #{cid,jdbcType=INTEGER}, 
      #{date,jdbcType=TIMESTAMP}, #{heat,jdbcType=INTEGER})
  </insert>
  <insert id="insertSelective" parameterType="cn.tushu.model.Share" >
    <!--
      WARNING - @mbggenerated
      This element is automatically generated by MyBatis Generator, do not modify.
      This element was generated on Mon Jun 15 11:13:58 CST 2015.
    -->
    insert into share
    <trim prefix="(" suffix=")" suffixOverrides="," >
      <if test="shareid != null" >
        shareId,
      </if>
      <if test="userid != null" >
        userId,
      </if>
      <if test="bookname != null" >
        bookName,
      </if>
      <if test="author != null" >
        author,
      </if>
      <if test="reason != null" >
        reason,
      </if>
      <if test="imgsize != null" >
        imgSize,
      </if>
      <if test="cid != null" >
        cid,
      </if>
      <if test="date != null" >
        date,
      </if>
      <if test="heat != null" >
        heat,
      </if>
    </trim>
    <trim prefix="values (" suffix=")" suffixOverrides="," >
      <if test="shareid != null" >
        #{shareid,jdbcType=INTEGER},
      </if>
      <if test="userid != null" >
        #{userid,jdbcType=INTEGER},
      </if>
      <if test="bookname != null" >
        #{bookname,jdbcType=CHAR},
      </if>
      <if test="author != null" >
        #{author,jdbcType=CHAR},
      </if>
      <if test="reason != null" >
        #{reason,jdbcType=CHAR},
      </if>
      <if test="imgsize != null" >
        #{imgsize,jdbcType=CHAR},
      </if>
      <if test="cid != null" >
        #{cid,jdbcType=INTEGER},
      </if>
      <if test="date != null" >
        #{date,jdbcType=TIMESTAMP},
      </if>
      <if test="heat != null" >
        #{heat,jdbcType=INTEGER},
      </if>
    </trim>
  </insert>
  <update id="updateByPrimaryKeySelective" parameterType="cn.tushu.model.Share" >
    <!--
      WARNING - @mbggenerated
      This element is automatically generated by MyBatis Generator, do not modify.
      This element was generated on Mon Jun 15 11:13:58 CST 2015.
    -->
    update share
    <set >
      <if test="userid != null" >
        userId = #{userid,jdbcType=INTEGER},
      </if>
      <if test="bookname != null" >
        bookName = #{bookname,jdbcType=CHAR},
      </if>
      <if test="author != null" >
        author = #{author,jdbcType=CHAR},
      </if>
      <if test="reason != null" >
        reason = #{reason,jdbcType=CHAR},
      </if>
      <if test="imgsize != null" >
        imgSize = #{imgsize,jdbcType=CHAR},
      </if>
      <if test="cid != null" >
        cid = #{cid,jdbcType=INTEGER},
      </if>
      <if test="date != null" >
        date = #{date,jdbcType=TIMESTAMP},
      </if>
      <if test="heat != null" >
        heat = #{heat,jdbcType=INTEGER},
      </if>
    </set>
    where shareId = #{shareid,jdbcType=INTEGER}
  </update>
  <update id="updateByPrimaryKey" parameterType="cn.tushu.model.Share" >
    <!--
      WARNING - @mbggenerated
      This element is automatically generated by MyBatis Generator, do not modify.
      This element was generated on Mon Jun 15 11:13:58 CST 2015.
    -->
    update share
    set userId = #{userid,jdbcType=INTEGER},
      bookName = #{bookname,jdbcType=CHAR},
      author = #{author,jdbcType=CHAR},
      reason = #{reason,jdbcType=CHAR},
      imgSize = #{imgsize,jdbcType=CHAR},
      cid = #{cid,jdbcType=INTEGER},
      date = #{date,jdbcType=TIMESTAMP},
      heat = #{heat,jdbcType=INTEGER}
    where shareId = #{shareid,jdbcType=INTEGER}
  </update>
  
  <select id="selectByAll" resultMap="BaseResultMap" parameterType="map">
  	select 
  	<include refid="Base_Column_List" />
  	from share
  	<if test="userid != null">
  		where userid = #{userid}
  	</if>
  	ORDER BY DATE desc
  </select>
  
  <select id="SelectAllShare" resultMap="BaseResultMap">
  	select 
  	<include refid="Base_Column_List" />
  	from share
	ORDER BY DATE DESC 
  </select>
  
  <select id="selectByCondition" resultMap="BaseResultMap" parameterType="map" >
  	select 
  	<include refid="Base_Column_List" />
  	from share
  	<where>
	  	<if test="cid != null">
	  		cid = #{cid}
	  	</if>
	  	<if test="bookname != null">
	  		and bookname like '%${bookname}%'
	  	</if>
		<if test="author != null">
			and author like '%${author}%'
		</if>
	</where>
	<if test="orderid == 1"><!-- 时间排序 -->
		ORDER BY date DESC
	</if>
	<if test="orderid == 2"><!-- 热度排序 -->
		ORDER BY heat DESC
	</if>
  </select>
  
</mapper>