<?xml version="1.0" encoding="UTF-8" ?>
<!DOCTYPE generatorConfiguration PUBLIC
"-//mybatis.org//DTD MyBatis Generator Configuration 
1.0//EN"
"http://mybatis.org/dtd/mybatis-generator-config_1_0.dtd"
>
<generatorConfiguration>
	<!-- 制定mysql的驱动包的路径 千万别放中文路径下 -->
	<classPathEntry location="E:\shoprepository\repository\mysql\mysql-connector-java\5.1.18\mysql-connector-java-5.1.18.jar" />
	<!-- 配置数据源和生成的代码所存放的位置 -->
	<context id="context1">
		<jdbcConnection driverClass="com.mysql.jdbc.Driver"
			connectionURL="jdbc:mysql:///tushu" userId="root" password="999" />
		<!-- 所生成的实体类的位置默认资源包src -->
		<javaModelGenerator targetPackage="cn.tushu.model" targetProject="yingtaobook" />
		<!-- 所生成的sqlMap的影射文件的位置,默认资源包src -->
		<sqlMapGenerator targetPackage="sql.mapper" targetProject="yingtaobook" />
		
		<!-- 为哪些表生成代码 tableName:表名 schema:不用填写 -->
		
		<table schema="" tableName="jurisdict" enableCountByExample="false"
			enableUpdateByExample="false" enableDeleteByExample="false" 
			enableSelectByExample="false" selectByExampleQueryId="false"
		></table>
	</context>
</generatorConfiguration>