<!DOCTYPE configuration
PUBLIC "-//mybatis.org//DTD Config 3.0//EN"
"http://mybatis.org/dtd/mybatis-3-config.dtd">
<configuration>

	<!-- 别名的定义
	<typeAliases>
		<typeAlias type="java.util.Map" alias="map"/>
	</typeAliases> -->
	<mappers>
		<mapper resource="sql/mapper/UserMapper.xml"/>
		<mapper resource="sql/mapper/BookMapper.xml"/>
		<mapper resource="sql/mapper/ShareMapper.xml"/>
		<mapper resource="sql/mapper/CategoryMapper.xml"/>
		<mapper resource="sql/mapper/AdminuserMapper.xml"/>
		<mapper resource="sql/mapper/AuRoleMapper.xml"/>
		<mapper resource="sql/mapper/RoleMapper.xml"/>
		<mapper resource="sql/mapper/RoleJuriMapper.xml"/>
		<mapper resource="sql/mapper/JurisdictMapper.xml"/>
	</mappers>

</configuration>