<?xml version="1.0" encoding="UTF-8"?>
<beans xmlns="http://www.springframework.org/schema/beans"
	xmlns:xsi="http://www.w3.org/2001/XMLSchema-instance"
	xmlns:mvc="http://www.springframework.org/schema/mvc"
	xmlns:context="http://www.springframework.org/schema/context"
	xmlns:aop="http://www.springframework.org/schema/aop"
	xmlns:tx="http://www.springframework.org/schema/tx"
	xsi:schemaLocation="http://www.springframework.org/schema/beans 
	http://www.springframework.org/schema/beans/spring-beans-3.0.xsd 
	http://www.springframework.org/schema/mvc 
	http://www.springframework.org/schema/mvc/spring-mvc-3.0.xsd 
	http://www.springframework.org/schema/context 
	http://www.springframework.org/schema/context/spring-context-3.0.xsd 
	http://www.springframework.org/schema/aop 
	http://www.springframework.org/schema/aop/spring-aop-3.0.xsd 
	http://www.springframework.org/schema/tx 
	http://www.springframework.org/schema/tx/spring-tx-3.0.xsd ">							
	<!-- springmvc的注解驱动 -->
	<mvc:annotation-driven/>
	<!-- 注解扫描器 -->
	<context:component-scan base-package="cn.tushu.controller"/>
	
	<!-- 该文件上传的视图解析器的id必须配，而且id的值是multipartResolver -->
	<bean id="multipartResolver" class="org.springframework.web.multipart.commons.CommonsMultipartResolver">
		<!-- 最大的文件大小，按byte单位来计算 -->
		<property name="maxUploadSize" value="102400000"></property>
	</bean>
	
	<!-- 视图解析器 -->
	<bean class="org.springframework.web.servlet.view.InternalResourceViewResolver">
		<!-- 前缀，前后必须要有/ -->
		<property name="prefix" value="/WEB-INF/jsps/"></property>
		<!-- 后缀，必须要有. -->
		<property name="suffix" value=".jsp"></property>
	</bean>
</beans>