<?xml version="1.0" encoding="UTF-8" ?>
<!DOCTYPE mapper PUBLIC "-//mybatis.org//DTD Mapper 3.0//EN" "http://mybatis.org/dtd/mybatis-3-mapper.dtd" >
<mapper namespace="sql.mapper.BookMapper" >
  <resultMap id="BaseResultMap" type="cn.tushu.model.Book" >
    <!--
      WARNING - @mbggenerated
      This element is automatically generated by MyBatis Generator, do not modify.
      This element was generated on Tue May 19 14:27:17 CST 2015.
    -->
    <id column="bookId" property="bookid" jdbcType="INTEGER" />
    <result column="bookname" property="bookname" jdbcType="CHAR" />
    <result column="stock" property="stock" jdbcType="INTEGER" />
    <result column="author" property="author" jdbcType="CHAR" />
    <result column="price" property="price" jdbcType="INTEGER" />
    <result column="imgSize" property="imgsize" jdbcType="CHAR" />
  </resultMap>
  <sql id="Base_Column_List" >
    <!--
      WARNING - @mbggenerated
      This element is automatically generated by MyBatis Generator, do not modify.
      This element was generated on Tue May 19 14:27:17 CST 2015.
    -->
    bookId, bookname, stock, author, price, imgSize
  </sql>
  <select id="selectByPrimaryKey" resultMap="BaseResultMap" parameterType="java.lang.Integer" >
    <!--
      WARNING - @mbggenerated
      This element is automatically generated by MyBatis Generator, do not modify.
      This element was generated on Tue May 19 14:27:17 CST 2015.
    -->
    select 
    <include refid="Base_Column_List" />
    from book
    where bookId = #{bookid,jdbcType=INTEGER}
  </select>
  <delete id="deleteByPrimaryKey" parameterType="java.lang.Integer" >
    <!--
      WARNING - @mbggenerated
      This element is automatically generated by MyBatis Generator, do not modify.
      This element was generated on Tue May 19 14:27:17 CST 2015.
    -->
    delete from book
    where bookId = #{bookid,jdbcType=INTEGER}
  </delete>
  <insert id="insert" parameterType="cn.tushu.model.Book" >
    <selectKey keyProperty="bookId" order="AFTER" resultType="Integer">
    	select LAST_INSERT_ID()
    </selectKey>
    insert into book (bookId, bookname, stock, 
      author, price, imgSize)
    values (#{bookid,jdbcType=INTEGER}, #{bookname,jdbcType=CHAR}, #{stock,jdbcType=INTEGER}, 
      #{author,jdbcType=CHAR}, #{price,jdbcType=INTEGER}, #{imgsize,jdbcType=CHAR})
  </insert>
  <insert id="insertSelective" parameterType="cn.tushu.model.Book" >
    <!--
      WARNING - @mbggenerated
      This element is automatically generated by MyBatis Generator, do not modify.
      This element was generated on Tue May 19 14:27:17 CST 2015.
    -->
    insert into book
    <trim prefix="(" suffix=")" suffixOverrides="," >
      <if test="bookid != null" >
        bookId,
      </if>
      <if test="bookname != null" >
        bookname,
      </if>
      <if test="stock != null" >
        stock,
      </if>
      <if test="author != null" >
        author,
      </if>
      <if test="price != null" >
        price,
      </if>
      <if test="imgsize != null" >
        imgSize,
      </if>
    </trim>
    <trim prefix="values (" suffix=")" suffixOverrides="," >
      <if test="bookid != null" >
        #{bookid,jdbcType=INTEGER},
      </if>
      <if test="bookname != null" >
        #{bookname,jdbcType=CHAR},
      </if>
      <if test="stock != null" >
        #{stock,jdbcType=INTEGER},
      </if>
      <if test="author != null" >
        #{author,jdbcType=CHAR},
      </if>
      <if test="price != null" >
        #{price,jdbcType=INTEGER},
      </if>
      <if test="imgsize != null" >
        #{imgsize,jdbcType=CHAR},
      </if>
    </trim>
  </insert>
  <update id="updateByPrimaryKeySelective" parameterType="cn.tushu.model.Book" >
    <!--
      WARNING - @mbggenerated
      This element is automatically generated by MyBatis Generator, do not modify.
      This element was generated on Tue May 19 14:27:17 CST 2015.
    -->
    update book
    <set >
      <if test="bookname != null" >
        bookname = #{bookname,jdbcType=CHAR},
      </if>
      <if test="stock != null" >
        stock = #{stock,jdbcType=INTEGER},
      </if>
      <if test="author != null" >
        author = #{author,jdbcType=CHAR},
      </if>
      <if test="price != null" >
        price = #{price,jdbcType=INTEGER},
      </if>
      <if test="imgsize != null" >
        imgSize = #{imgsize,jdbcType=CHAR},
      </if>
    </set>
    where bookId = #{bookid,jdbcType=INTEGER}
  </update>
  <update id="updateByPrimaryKey" parameterType="cn.tushu.model.Book" >
    <!--
      WARNING - @mbggenerated
      This element is automatically generated by MyBatis Generator, do not modify.
      This element was generated on Tue May 19 14:27:17 CST 2015.
    -->
    update book
    set bookname = #{bookname,jdbcType=CHAR},
      stock = #{stock,jdbcType=INTEGER},
      author = #{author,jdbcType=CHAR},
      price = #{price,jdbcType=INTEGER},
      imgSize = #{imgsize,jdbcType=CHAR}
    where bookId = #{bookid,jdbcType=INTEGER}
  </update>
</mapper>