<?xml version="1.0" encoding="UTF-8" ?>
<!DOCTYPE mapper PUBLIC "-//mybatis.org//DTD Mapper 3.0//EN" "http://mybatis.org/dtd/mybatis-3-mapper.dtd" >
<mapper namespace="sql.mapper.UserMapper" >
  <resultMap id="BaseResultMap" type="cn.tushu.model.User" >
    <!--
      WARNING - @mbggenerated
      This element is automatically generated by MyBatis Generator, do not modify.
      This element was generated on Mon May 18 17:32:03 CST 2015.
    -->
    <id column="userid" property="userid" jdbcType="INTEGER" />
    <result column="username" property="username" jdbcType="CHAR" />
    <result column="password" property="password" jdbcType="CHAR" />
    <result column="gender" property="gender" jdbcType="INTEGER" />
    <result column="birthday" property="birthday" jdbcType="TIMESTAMP" />
    <result column="manage" property="manage" jdbcType="INTEGER" />
  </resultMap>
  <sql id="Base_Column_List" >
    <!--
      WARNING - @mbggenerated
      This element is automatically generated by MyBatis Generator, do not modify.
      This element was generated on Mon May 18 17:32:03 CST 2015.
    -->
    userid, username, password, gender, birthday, manage
  </sql>
  <select id="selectByPrimaryKey" resultMap="BaseResultMap" parameterType="java.lang.Integer" >
    <!--
      WARNING - @mbggenerated
      This element is automatically generated by MyBatis Generator, do not modify.
      This element was generated on Mon May 18 17:32:03 CST 2015.
    -->
    select 
    <include refid="Base_Column_List" />
    from user
    where userid = #{userid,jdbcType=INTEGER}
  </select>
  <delete id="deleteByPrimaryKey" parameterType="java.lang.Integer" >
    <!--
      WARNING - @mbggenerated
      This element is automatically generated by MyBatis Generator, do not modify.
      This element was generated on Mon May 18 17:32:03 CST 2015.
    -->
    delete from user
    where userid = #{userid,jdbcType=INTEGER}
  </delete>
  <insert id="insert" parameterType="cn.tushu.model.User" >
    <selectKey keyProperty="userId" order="AFTER" resultType="Integer">
    	select LAST_INSERT_ID()
    </selectKey>
    insert into user (userid, username, password, 
      gender, birthday, manage
      )
    values (#{userid,jdbcType=INTEGER}, #{username,jdbcType=CHAR}, #{password,jdbcType=CHAR}, 
      #{gender,jdbcType=INTEGER}, #{birthday,jdbcType=TIMESTAMP}, #{manage,jdbcType=INTEGER}
      )
  </insert>
  <insert id="insertSelective" parameterType="cn.tushu.model.User" >
    <!--
      WARNING - @mbggenerated
      This element is automatically generated by MyBatis Generator, do not modify.
      This element was generated on Mon May 18 17:32:03 CST 2015.
    -->
    insert into user
    <trim prefix="(" suffix=")" suffixOverrides="," >
      <if test="userid != null" >
        userid,
      </if>
      <if test="username != null" >
        username,
      </if>
      <if test="password != null" >
        password,
      </if>
      <if test="gender != null" >
        gender,
      </if>
      <if test="birthday != null" >
        birthday,
      </if>
      <if test="manage != null" >
        manage,
      </if>
    </trim>
    <trim prefix="values (" suffix=")" suffixOverrides="," >
      <if test="userid != null" >
        #{userid,jdbcType=INTEGER},
      </if>
      <if test="username != null" >
        #{username,jdbcType=CHAR},
      </if>
      <if test="password != null" >
        #{password,jdbcType=CHAR},
      </if>
      <if test="gender != null" >
        #{gender,jdbcType=INTEGER},
      </if>
      <if test="birthday != null" >
        #{birthday,jdbcType=TIMESTAMP},
      </if>
      <if test="manage != null" >
        #{manage,jdbcType=INTEGER},
      </if>
    </trim>
  </insert>
  <update id="updateByPrimaryKeySelective" parameterType="cn.tushu.model.User" >
    <!--
      WARNING - @mbggenerated
      This element is automatically generated by MyBatis Generator, do not modify.
      This element was generated on Mon May 18 17:32:03 CST 2015.
    -->
    update user
    <set >
      <if test="username != null" >
        username = #{username,jdbcType=CHAR},
      </if>
      <if test="password != null" >
        password = #{password,jdbcType=CHAR},
      </if>
      <if test="gender != null" >
        gender = #{gender,jdbcType=INTEGER},
      </if>
      <if test="birthday != null" >
        birthday = #{birthday,jdbcType=TIMESTAMP},
      </if>
      <if test="manage != null" >
        manage = #{manage,jdbcType=INTEGER},
      </if>
    </set>
    where userid = #{userid,jdbcType=INTEGER}
  </update>
  <update id="updateByPrimaryKey" parameterType="cn.tushu.model.User" >
    <!--
      WARNING - @mbggenerated
      This element is automatically generated by MyBatis Generator, do not modify.
      This element was generated on Mon May 18 17:32:03 CST 2015.
    -->
    update user
    set username = #{username,jdbcType=CHAR},
      password = #{password,jdbcType=CHAR},
      gender = #{gender,jdbcType=INTEGER},
      birthday = #{birthday,jdbcType=TIMESTAMP},
      manage = #{manage,jdbcType=INTEGER}
    where userid = #{userid,jdbcType=INTEGER}
  </update>
  
  <select id="selectLogin" parameterType="map" resultMap="BaseResultMap">
  	SELECT 
	<include refid="Base_Column_List" />
	FROM USER
	WHERE username = #{username}
    AND PASSWORD = #{password}
  </select>
  
  <select id="findByUserName" parameterType="map" resultMap="BaseResultMap">
  	SELECT * FROM USER WHERE username = #{userName}
  </select>
  
</mapper>